{
  "version": 1,
  "author": "R.Shobika CSE",
  "editor": "wokwi",
  "parts": [
    {
      "type": "wokwi-esp32-devkit-v1",
      "id": "esp",
      "top": 0,
      "left": 0,
      "attrs": { "env": "micropython-20231005-v1.21.0" }
    },
    {
      "type": "wokwi-hc-sr04",
      "id": "ultrasonic1",
      "top": -123.3,
      "left": 178.3,
      "attrs": { "distance": "359" }
    },
    {
      "type": "wokwi-led",
      "id": "led1",
      "top": -80.4,
      "left": -149.8,
      "attrs": { "color": "red" }
    },
    {
      "type": "wokwi-buzzer",
      "id": "bz1",
      "top": -170.4,
      "left": -103.8,
      "attrs": { "volume": "0.1" }
    },
    { "type": "wokwi-dht22", "id": "dht1", "top": -210.9, "left": 81, "attrs": {} }
  ],
  "connections": [
    [ "esp:TX0", "$serialMonitor:RX", "", [] ],
    [ "esp:RX0", "$serialMonitor:TX", "", [] ],
    [ "ultrasonic1:VCC", "esp:3V3", "red", [ "v0" ] ],
    [ "ultrasonic1:TRIG", "esp:D15", "gold", [ "v0" ] ],
    [ "ultrasonic1:ECHO", "esp:D2", "green", [ "v0" ] ],
    [ "ultrasonic1:GND", "esp:GND.1", "black", [ "v0" ] ],
    [ "led1:A", "esp:D5", "green", [ "v19.2", "h249.6", "v115.2" ] ],
    [ "led1:C", "esp:GND.2", "green", [ "v192", "h139.8" ] ],
    [ "bz1:1", "esp:GND.2", "green", [ "v0" ] ],
    [ "bz1:2", "esp:D14", "green", [ "v0" ] ],
    [ "dht1:VCC", "ultrasonic1:VCC", "red", [ "v0" ] ],
    [ "dht1:SDA", "esp:D18", "green", [ "v28.8", "h38.5", "v134.4" ] ],
    [ "dht1:NC", "esp:D19", "green", [ "v163.2", "h0.1" ] ],
    [ "dht1:GND", "esp:GND.1", "black", [ "v19.2", "h28.8", "v172.8" ] ]
  ],
  "dependencies": {}
}